NAME,RADIUS,GM
Sun, 695700e3, 1.3271244004193938e20
Mercury, 2439.7e3, 22032.09e9
Venus, 6051.8e3, 324858.63e9
Earth, 6371.0e3, 398600.440e9
Mars, 3389.5e3, 42828.3e9
Jupiter, 69911e3, 126686511e9
Saturn, 58232e3, 37931207.8e9
Uranus, 25362e3, 5793966e9
Neptune, 24622e3, 6835107e9
Pluto, 1737.4e3, 872.4e9
Luna, 469.7e3, 4902.801076e9
Ceres, 469.7e3, 62.6284e9